Date,Title,Article,Stock Price
"2024-01-01","Tech Innovators Inc. Releases Groundbreaking AI Tool","Tech Innovators Inc. has announced the launch of a revolutionary AI tool that is expected to change the landscape of project management.","100.50"
"2024-01-02","Market Analysis: The Rise of Renewable Energy Stocks","Analysts predict a significant increase in renewable energy stocks as governments commit to sustainable practices.","101.75"
"2024-01-03","Economic Outlook 2024: What Investors Need to Know","Experts share insights on the economic trends expected to influence the market in 2024.","102.00"
"2024-01-04","Earnings Report: Tech Giants Outperform Expectations","The latest earnings reports show that major tech companies have exceeded analysts' expectations, boosting market confidence.","103.25"
"2024-01-05","Global Markets React to Interest Rate Changes","Global stock markets experience volatility following the announcement of interest rate hikes by central banks.","99.80"
"2024-01-06","Investing in 2024: Top 5 Stocks to Watch","Financial advisors reveal the top stocks to watch in 2024, focusing on technology and healthcare sectors.","104.10"
"2024-01-07","Cryptocurrency Boom: Is It Here to Stay?","The cryptocurrency market continues to gain traction, with Bitcoin reaching new heights and analysts weighing in on its future.","107.30"
"2024-01-08","Mergers and Acquisitions: A Look at 2024 Trends","A comprehensive analysis of the mergers and acquisitions landscape as companies seek growth through consolidation.","105.50"
"2024-01-09","Sustainable Investing: Aligning Profit with Purpose","Investors are increasingly looking for ways to align their portfolios with sustainable and socially responsible investments.","108.90"
"2024-01-10","Tech Stocks: The Future of Innovation and Investment","A deep dive into the tech sector, examining the key players and emerging trends that investors should keep an eye on.","109.00"
"2024-01-11","The Impact of Inflation on Consumer Spending","Experts analyze the effects of rising inflation on consumer spending habits across various sectors.","110.25"
"2024-01-12","Market Insights: The Future of E-commerce","E-commerce continues to thrive as consumers shift towards online shopping. Analysts provide insights on future growth.","111.50"
"2024-01-13","Financial Literacy: Empowering the Next Generation","Educational initiatives are being launched to enhance financial literacy among young people, preparing them for the future.","112.75"
"2024-01-14","Healthcare Stocks: Innovations Driving Growth","The healthcare sector sees an increase in stock prices as new technologies emerge to improve patient care.","113.00"
"2024-01-15","The Role of Artificial Intelligence in Finance","Financial institutions are leveraging AI technologies to enhance decision-making processes and reduce risks.","114.25"
"2024-01-16","Impact of Climate Change on Investment Strategies","Investors are reevaluating their strategies in light of climate change and its potential impacts on markets.","115.50"
"2024-01-17","How to Build a Resilient Investment Portfolio","Experts share tips on creating a diversified portfolio that can withstand market fluctuations.","116.75"
"2024-01-18","The Rise of Fintech: Revolutionizing Banking","Fintech companies are disrupting traditional banking models, offering innovative solutions for consumers and businesses.","118.00"
"2024-01-19","Understanding Stock Market Volatility","Analysts explain the causes of stock market volatility and how investors can navigate uncertain times.","119.25"
"2024-01-20","Global Supply Chain Disruptions: What It Means for Investors","Investors need to consider the impact of global supply chain issues on various industries and stocks.","120.50"
"2024-01-21","ESG Investing: A Growing Trend Among Millennials","Millennial investors are prioritizing environmental, social, and governance factors in their investment decisions.","121.75"
"2024-01-22","Tech Earnings: Key Takeaways from Recent Reports","A roundup of major tech companies' earnings reports and their implications for investors.","123.00"
"2024-01-23","Navigating Tax Changes in 2024","Experts provide guidance on how upcoming tax changes may affect investors and their strategies.","124.25"
"2024-01-24","Retail Stocks: Trends to Watch in 2024","Retail stocks show signs of recovery as consumer confidence improves. Analysts predict trends for the coming year.","125.50"
"2024-01-25","The Future of Work: Implications for Investors","The shift towards remote work is reshaping industries and investment opportunities.","126.75"
"2024-01-26","How Geopolitical Events Affect Stock Markets","Geopolitical tensions can significantly impact stock markets. Experts analyze recent developments and their implications.","127.00"
"2024-01-27","Real Estate Market Trends for 2024","A look at the real estate market, including emerging trends and investment opportunities in the housing sector.","128.25"
"2024-01-28","Consumer Technology: What's Next?","Consumer technology continues to evolve, and experts provide insights on future innovations and their market potential.","129.50"
"2024-01-29","Analyzing the Energy Sector: Opportunities Ahead","The energy sector faces challenges, but opportunities exist for savvy investors.","130.75"
"2024-01-30","The Importance of Diversification in Investing","Diversifying investments can reduce risk. Experts share strategies for building a balanced portfolio.","132.00"
"2024-01-31","Stock Market Predictions for February 2024","Analysts provide their predictions for the stock market as February approaches, highlighting key sectors to watch.","133.25"
"2024-02-01","The Rise of HealthTech: Innovations and Investments","HealthTech is emerging as a key investment area. A look at the latest innovations driving growth.","134.50"
"2024-02-02","Global Economic Trends: What Investors Should Know","A comprehensive overview of global economic trends and their potential impact on investments.","135.75"
"2024-02-03","Social Media and Stock Prices: Analyzing the Connection","Social media platforms influence stock prices. Analysts explore how sentiment impacts market movements.","136.00"
"2024-02-04","Investment Strategies for Volatile Markets","Tips for investors on how to navigate volatile markets and capitalize on opportunities.","137.25"
"2024-02-05","The Tech Industry's Impact on Employment","The tech industry's growth is affecting job markets. A look at employment trends and future prospects.","138.50"
"2024-02-06","Understanding Bonds: A Guide for Investors","Bonds remain a critical component of investment portfolios. A guide to understanding their role and value.","139.75"
"2024-02-07","The Influence of Central Banks on Global Markets","Central banks play a vital role in shaping global markets. An analysis of their recent decisions and impacts.","140.00"
"2024-02-08","Retail Trends: What to Expect in 2024","Retail trends continue to evolve. A look at key shifts and emerging opportunities in the sector.","141.25"
"2024-02-09","The Future of Cryptocurrency: Trends and Predictions","Cryptocurrency continues to evolve, and experts share predictions for its future and potential impacts on finance.","142.50"
"2024-02-10","Exploring Alternative Investments","Alternative investments are gaining traction. A look at different types and how they fit into portfolios.","143.75"
"2024-02-11","The Impact of Digital Currencies on Traditional Banking","Digital currencies are reshaping the banking landscape. Analysts discuss implications for investors and consumers.","145.00"
"2024-02-12","Market Volatility: Strategies to Manage Risk","In times of market volatility, managing risk is crucial. Experts share strategies for investors.","146.25"
"2024-02-13","The Future of Work: How Remote Jobs are Changing Industries","The rise of remote work is transforming industries. A look at its impact on the job market and investment opportunities.","147.50"
"2024-02-14","Healthcare Innovations: What Investors Should Know","Investors should keep an eye on healthcare innovations that promise to reshape the industry and create opportunities.","148.75"
"2024-02-15","Analyzing the Growth of E-commerce","E-commerce growth continues to outpace traditional retail. Analysts explore what this means for investors.","150.00"
"2024-02-16","Exploring the Role of AI in Finance","Artificial Intelligence is revolutionizing finance. A look at its applications and implications for investors.","151.25"
"2024-02-17","Trends in Global Real Estate Markets","Real estate markets are evolving. A comprehensive analysis of trends and investment opportunities worldwide.","152.50"
"2024-02-18","The Impact of Trade Wars on Global Markets","Trade wars can have significant impacts on markets. Experts analyze recent developments and their effects.","153.75"
"2024-02-19","Investment Opportunities in Emerging Markets","Emerging markets offer unique investment opportunities. A look at key regions and sectors to watch.","155.00"
"2024-02-20","Understanding the Role of Dividends in Investing","Dividends play a critical role in many investment strategies. An exploration of their importance and impact.","156.25"
"2024-02-21","Cybersecurity: A Growing Concern for Investors","As cyber threats increase, cybersecurity is becoming a key focus for investors. Experts share insights.","157.50"
"2024-02-22","The Future of Sustainable Investing","Sustainable investing is gaining momentum. A look at its impact on the market and investment strategies.","158.75"
"2024-02-23","Exploring Investment in Technology Startups","Investment in technology startups is on the rise. Analysts discuss potential rewards and risks.","160.00"
"2024-02-24","Global Market Outlook: Trends for 2024","A comprehensive outlook on global markets, highlighting key trends and investment opportunities for the year ahead.","161.25"
"2024-02-25","Financial Planning: Preparing for Retirement","Financial planning is essential for a secure retirement. Experts share tips and strategies for investors.","162.50"
"2024-02-26","Understanding Market Indices and Their Impact","Market indices play a crucial role in understanding market trends. A look at their significance for investors.","163.75"
"2024-02-27","The Evolution of Payment Systems","Payment systems are evolving rapidly. A look at new technologies and their impact on consumers and businesses.","165.00"
"2024-02-28","The Importance of Economic Indicators in Investing","Economic indicators provide valuable insights for investors. A guide to understanding their significance.","166.25"
"2024-02-29","Analyzing the Impact of Government Policies on Markets","Government policies can significantly impact markets. An analysis of recent changes and their implications.","167.50"
"2024-03-01","The Role of Private Equity in Business Growth","Private equity is playing a vital role in business growth. A look at its impact on industries and investors.","168.75"
"2024-03-02","Investing in Technology: Opportunities and Risks","The tech sector presents both opportunities and risks for investors. A deep dive into current trends.","170.00"
"2024-03-03","The Future of Agriculture: Innovations and Investments","Agriculture is undergoing significant changes. A look at innovations driving growth and investment opportunities.","171.25"
"2024-03-04","The Impact of Climate Change on Global Markets","Climate change is reshaping industries and investment strategies. Experts analyze its implications for investors.","172.50"
"2024-03-05","Understanding Stock Options: A Beginner's Guide","Stock options can be a valuable investment tool. A beginner's guide to understanding their role and potential.","173.75"
"2024-03-06","Real Estate Trends: Opportunities in Commercial Properties","Commercial real estate presents unique investment opportunities. A look at current trends and prospects.","175.00"
"2024-03-07","Market Sentiment: The Psychology of Investing","Understanding market sentiment is crucial for investors. A look at the psychological factors influencing decisions.","176.25"
"2024-03-08","The Future of Financial Services: Trends and Innovations","Financial services are evolving rapidly. A look at emerging trends and their implications for consumers and investors.","177.50"
"2024-03-09","Analyzing Market Corrections and Recoveries","Market corrections are part of investing. Experts share insights on how to navigate them successfully.","178.75"
"2024-03-10","The Rise of Impact Investing","Impact investing is gaining traction. A look at its growth and importance for socially conscious investors.","180.00"
"2024-03-11","Investment Strategies for the Tech Sector","The tech sector presents unique challenges and opportunities. A guide to effective investment strategies.","181.25"
"2024-03-12","The Role of Financial Advisors in Wealth Management","Financial advisors play a critical role in helping individuals manage their wealth. An exploration of their services and value.","182.50"
"2024-03-13","Understanding the Foreign Exchange Market","The foreign exchange market is complex. A look at its structure and key factors influencing currency trading.","183.75"
"2024-03-14","Exploring the Cannabis Industry: Trends and Opportunities","The cannabis industry is evolving. A look at current trends and potential investment opportunities.","185.00"
"2024-03-15","The Future of Digital Banking: Trends to Watch","Digital banking is transforming the financial landscape. A look at the trends shaping its future.","186.25"
"2024-03-16","Navigating International Investments","International investments offer unique opportunities and risks. Experts share insights on navigating the global market.","187.50"
"2024-03-17","The Importance of Asset Allocation in Investing","Asset allocation is crucial for successful investing. A look at strategies for effective allocation of resources.","188.75"
"2024-03-18","Understanding Investment Risks: A Comprehensive Guide","Investment risks can vary widely. A comprehensive guide to understanding and managing risks in investing.","190.00"
"2024-03-19","The Role of Technology in Modern Finance","Technology is reshaping finance. An exploration of its impact on traditional financial practices and investment strategies.","191.25"
"2024-03-20","The Future of Work: Remote Employment Trends","Remote employment trends are evolving. A look at their impact on various sectors and investment opportunities.","192.50"
"2024-03-21","Analyzing the Impact of Inflation on Investments","Inflation can affect investment strategies. Experts share insights on how to navigate changing economic conditions.","193.75"
"2024-03-22","The Importance of Emergency Funds in Financial Planning","Emergency funds are essential for financial stability. A look at how to build and maintain an emergency fund.","195.00"
"2024-03-23","Exploring the Role of Hedge Funds in Investing","Hedge funds play a significant role in the investment landscape. An analysis of their strategies and impacts.","196.25"
"2024-03-24","Understanding Real Estate Investment Trusts (REITs)","REITs provide unique investment opportunities in real estate. A guide to understanding their benefits and risks.","197.50"
"2024-03-25","The Evolution of Insurance in Finance","Insurance is evolving in response to changing market conditions. An exploration of its role in financial planning.","198.75"
"2024-03-26","Investing in Infrastructure: Opportunities and Challenges","Infrastructure investments are gaining attention. A look at opportunities and challenges in this sector.","200.00"
"2024-03-27","Analyzing the Impact of Technology on Employment","Technology is changing the job landscape. Experts discuss its implications for employment and investment strategies.","201.25"
"2024-03-28","The Future of Logistics: Trends in Transportation","Logistics and transportation are evolving. An analysis of trends and investment opportunities in this sector.","202.50"
"2024-03-29","Understanding the Basics of Stock Trading","Stock trading can be complex. A beginner's guide to understanding the basics and getting started in the market.","203.75"
"2024-03-30","Market Insights: The Importance of Financial News","Financial news plays a critical role in investment decisions. An exploration of its impact on market sentiment and behavior.","205.00"
"2024-03-31","Investing in Commodities: Opportunities and Risks","Commodities can provide diversification. A look at opportunities and risks in commodity investments.","206.25"
"2024-04-01","The Role of Venture Capital in Innovation","Venture capital is essential for fostering innovation. A look at its impact on startups and emerging technologies.","207.50"
"2024-04-02","Exploring the Art Market: Investment Opportunities","The art market presents unique investment opportunities. An analysis of trends and potential returns.","208.75"
"2024-04-03","Understanding the Basics of Retirement Accounts","Retirement accounts are crucial for financial planning. A beginner's guide to understanding different types and their benefits.","210.00"
"2024-04-04","Market Sentiment: The Role of Behavioral Economics","Behavioral economics can explain market sentiment. A look at its impact on investor behavior and decision-making.","211.25"
"2024-04-05","Analyzing the Impact of Technology on Retail","Technology is transforming retail. An exploration of its impact on consumer behavior and investment opportunities.","212.50"
"2024-04-06","The Rise of Subscription-Based Business Models","Subscription-based models are on the rise. A look at their impact on industries and investment strategies.","213.75"
"2024-04-07","Understanding the Basics of Stock Market Indices","Stock market indices provide insights into market trends. A guide to understanding their significance and use.","215.00"
"2024-04-08","The Future of Cryptocurrency Regulation","Cryptocurrency regulation is evolving. Experts discuss its implications for the market and investors.","216.25"
"2024-04-09","Exploring Impact Investing: Aligning Profit and Purpose","Impact investing is growing in popularity. A look at how investors can align their portfolios with their values.","217.50"
"2024-04-10","Analyzing the Impact of Interest Rates on Investments","Interest rates can significantly impact investments. Experts share insights on navigating changing rates.","218.75"
"2024-04-11","Understanding the Role of Credit Ratings in Investing","Credit ratings play a crucial role in assessing investment risk. A guide to understanding their importance.","220.00"
"2024-04-12","The Importance of Financial Literacy in Today's Economy","Financial literacy is essential for navigating today's economy. Experts discuss its impact on individuals and families.","221.25"
"2024-04-13","Exploring the Role of Data Analytics in Finance","Data analytics is transforming finance. A look at its applications and implications for investment strategies.","222.50"
"2024-04-14","The Future of Food: Investing in Sustainable Agriculture","Sustainable agriculture presents unique investment opportunities. A look at trends and potential returns in this sector.","223.75"
"2024-04-15","Understanding the Role of Financial Statements in Investing","Financial statements provide critical insights for investors. A guide to understanding their components and significance.","225.00"
"2024-04-16","Analyzing the Impact of Globalization on Markets","Globalization has far-reaching effects on markets. An exploration of its implications for investors and industries.","226.25"
"2024-04-17","The Future of Work: Trends in Employment and Skills","Employment trends are changing rapidly. A look at the skills needed for success in the future job market.","227.50"
"2024-04-18","Understanding the Basics of Real Estate Investing","Real estate investing can be lucrative. A beginner's guide to understanding its fundamentals and strategies.","228.75"
"2024-04-19","Market Insights: The Importance of Economic Indicators","Economic indicators provide valuable insights for investors. An exploration of their significance in market analysis.","230.00"
"2024-04-20","The Role of Behavioral Finance in Investment Decisions","Behavioral finance can explain investor behavior. A look at its implications for making informed investment choices.","231.25"
"2024-04-21","Exploring Opportunities in the Green Energy Sector","The green energy sector presents unique investment opportunities. An analysis of trends and potential returns.","232.50"
"2024-04-22","Understanding the Basics of Options Trading","Options trading can be complex. A beginner's guide to understanding its fundamentals and strategies.","233.75"
"2024-04-23","The Importance of Building a Strong Financial Foundation","A strong financial foundation is essential for long-term success. Tips on how to build and maintain it.","235.00"
"2024-04-24","Market Insights: Analyzing the Impact of Consumer Trends","Consumer trends play a critical role in shaping markets. An exploration of their implications for investors.","236.25"
"2024-04-25","The Role of Financial Technology in Investing","Financial technology is revolutionizing investing. A look at its applications and impact on investment strategies.","237.50"
"2024-04-26","Understanding the Basics of Bond Investing","Bond investing can provide stability. A beginner's guide to understanding its fundamentals and strategies.","238.75"
"2024-04-27","The Impact of Economic Policies on Investment Strategies","Economic policies can significantly influence investment strategies. An analysis of recent changes and their implications.","240.00"
"2024-04-28","Exploring Investment Opportunities in Emerging Technologies","Emerging technologies offer unique investment opportunities. A look at trends and sectors to watch.","241.25"
"2024-04-29","Understanding the Role of Insurance in Financial Planning","Insurance plays a critical role in financial planning. A guide to understanding its importance and benefits.","242.50"
"2024-04-30","Market Insights: The Importance of Diversification","Diversification is essential for managing investment risk. An exploration of its significance and strategies for implementation.","243.75"
"2024-05-01","The Role of Social Media in Shaping Market Trends","Social media influences market trends. An analysis of its impact on consumer behavior and investment decisions.","245.00"
"2024-05-02","The Future of Technology: Trends to Watch","Technology continues to evolve rapidly. A look at key trends shaping its future and implications for investors.","246.25"
"2024-05-03","Understanding the Basics of Investment Trusts","Investment trusts can provide unique opportunities. A beginner's guide to understanding their fundamentals.","247.50"
"2024-05-04","Market Sentiment: The Influence of Public Opinion","Public opinion can significantly influence market sentiment. An exploration of its implications for investors.","248.75"
"2024-05-05","The Future of Work: Trends in Workforce Management","Workforce management is evolving. A look at trends and best practices for managing talent in the future.","250.00"
"2024-05-06","Analyzing the Impact of Technological Advancements on Jobs","Technological advancements are reshaping job markets. An analysis of their implications for employment and investment.","251.25"
"2024-05-07","The Role of Risk Management in Investing","Risk management is crucial for successful investing. A guide to understanding its importance and strategies.","252.50"
"2024-05-08","Understanding the Basics of Investment Strategies","Investment strategies can vary widely. A beginner's guide to understanding different approaches and their significance.","253.75"
"2024-05-09","The Importance of Research in Investment Decisions","Research is essential for making informed investment decisions. A look at effective research strategies for investors.","255.00"
"2024-05-10","Exploring the Impact of Globalization on Local Economies","Globalization can impact local economies. An exploration of its implications for investors and communities.","256.25"
"2024-05-11","The Future of Financial Services: Innovations and Trends","Financial services are evolving rapidly. A look at key innovations and trends shaping the industry.","257.50"
"2024-05-12","Analyzing the Impact of Regulation on Investment Strategies","Regulation can influence investment strategies. An analysis of recent changes and their implications for investors.","258.75"
"2024-05-13","The Role of Ethics in Investing: A Critical Perspective","Ethics play a crucial role in investing. An exploration of their importance and implications for investment decisions.","260.00"
"2024-05-14","Understanding the Basics of Financial Planning","Financial planning is essential for achieving goals. A beginner's guide to understanding its fundamentals and strategies.","261.25"
"2024-05-15","Market Insights: The Importance of Staying Informed","Staying informed is crucial for investors. An exploration of effective strategies for staying up-to-date on market trends.","262.50"
"2024-05-16","The Role of Technology in Modern Investment Strategies","Technology is reshaping investment strategies. A look at its impact on decision-making and portfolio management.","263.75"
"2024-05-17","Understanding the Importance of Behavioral Economics in Investing","Behavioral economics can provide insights into investor behavior. A guide to understanding its implications for decision-making.","265.00"
"2024-05-18","Exploring the Impact of Demographic Trends on Markets","Demographic trends can significantly influence markets. An analysis of their implications for investors and industries.","266.25"
"2024-05-19","The Future of Energy: Trends and Investment Opportunities","The energy sector is evolving. A look at trends and investment opportunities in renewable and traditional energy.","267.50"
"2024-05-20","Understanding the Role of Macroeconomic Indicators in Investing","Macroeconomic indicators provide valuable insights for investors. A guide to understanding their significance and impact.","268.75"
"2024-05-21","The Importance of Building a Personal Brand in Investing","Building a personal brand is essential for success in investing. Tips on how to establish and maintain a strong brand.","270.00"
"2024-05-22","Market Insights: The Role of Social Responsibility in Investing","Social responsibility is becoming increasingly important for investors. An exploration of its implications for investment strategies.","271.25"
"2024-05-23","Understanding the Basics of International Investments","International investments can provide unique opportunities. A beginner's guide to understanding their fundamentals and risks.","272.50"
"2024-05-24","The Future of Urban Development: Trends and Opportunities","Urban development is evolving. A look at trends and investment opportunities in real estate and infrastructure.","273.75"
"2024-05-25","Analyzing the Impact of Technology on Consumer Behavior","Technology is reshaping consumer behavior. An analysis of its implications for businesses and investors.","275.00"
"2024-05-26","Understanding the Basics of Mutual Funds","Mutual funds provide unique investment opportunities. A beginner's guide to understanding their fundamentals and strategies.","276.25"
"2024-05-27","The Role of Corporate Governance in Investing","Corporate governance plays a critical role in investment decisions. A guide to understanding its importance and best practices.","277.50"
"2024-05-28","Exploring Investment Opportunities in Health Tech","Health tech is evolving rapidly. A look at trends and investment opportunities in the sector.","278.75"
"2024-05-29","Understanding the Importance of Strategic Partnerships in Investing","Strategic partnerships can enhance investment success. An exploration of their significance and best practices.","280.00"
"2024-05-30","Market Insights: The Role of Public Policy in Investing","Public policy can influence investment strategies. An analysis of its implications for investors and industries.","281.25"
"2024-05-31","The Future of Work: Trends in Employee Engagement","Employee engagement is crucial for organizational success. A look at trends and best practices in the workplace.","282.50"
"2024-06-01","Understanding the Basics of Financial Ratios","Financial ratios provide critical insights for investors. A beginner's guide to understanding their importance and use.","283.75"
"2024-06-02","The Role of Corporate Social Responsibility in Investing","Corporate social responsibility is becoming increasingly important for investors. A look at its implications and best practices.","285.00"
"2024-06-03","Exploring Investment Opportunities in Emerging Markets","Emerging markets offer unique investment opportunities. A look at trends and sectors to watch.","286.25"
"2024-06-04","Understanding the Basics of Stock Analysis","Stock analysis is essential for making informed investment decisions. A beginner's guide to understanding its fundamentals.","287.50"
"2024-06-05","The Importance of Networking in Investing","Networking is crucial for success in investing. Tips on how to build and maintain a strong professional network.","288.75"
"2024-06-06","Market Insights: The Role of Industry Analysis in Investing","Industry analysis provides valuable insights for investors. A guide to understanding its significance and methodologies.","290.00"
"2024-06-07","Understanding the Role of Asset Management in Investing","Asset management is critical for effective investing. A look at its principles and best practices.","291.25"
"2024-06-08","The Future of Health Care: Trends and Investment Opportunities","The health care sector is evolving. A look at trends and investment opportunities in health care technologies and services.","292.50"
"2024-06-09","Understanding the Importance of Crisis Management in Investing","Crisis management is essential for navigating investment challenges. A guide to understanding its principles and strategies.","293.75"
"2024-06-10","The Impact of Technological Change on Investment Strategies","Technological change can significantly influence investment strategies. An analysis of its implications for investors.","295.00"
"2024-06-11","Exploring the Role of Venture Capital in Emerging Technologies","Venture capital is crucial for supporting innovation in emerging technologies. A look at its impact and opportunities.","296.25"
"2024-06-12","Understanding the Basics of Debt Financing","Debt financing can provide unique investment opportunities. A beginner's guide to understanding its fundamentals and risks.","297.50"
"2024-06-13","Market Insights: The Importance of Supply Chain Management in Investing","Supply chain management can influence investment outcomes. An exploration of its significance and best practices.","298.75"
"2024-06-14","The Future of Transportation: Trends and Investment Opportunities","Transportation is evolving rapidly. A look at trends and investment opportunities in various modes of transport.","300.00"
"2024-06-15","Understanding the Role of Economic Policy in Investing","Economic policy can significantly influence investment decisions. A guide to understanding its implications and strategies.","301.25"
"2024-06-16","Exploring Investment Opportunities in Financial Technology","Financial technology is reshaping the investment landscape. A look at trends and opportunities in this sector.","302.50"
"2024-06-17","Understanding the Basics of Hedge Funds","Hedge funds provide unique investment opportunities. A beginner's guide to understanding their fundamentals and strategies.","303.75"
"2024-06-18","The Impact of Geopolitical Events on Investment Strategies","Geopolitical events can have significant effects on investment strategies. An analysis of recent developments and their implications.","305.00"
"2024-06-19","Market Insights: The Role of Economic Forecasting in Investing","Economic forecasting provides valuable insights for investors. A guide to understanding its significance and methodologies.","306.25"
"2024-06-20","Understanding the Importance of Corporate Culture in Investing","Corporate culture can influence investment outcomes. An exploration of its significance and best practices.","307.50"
"2024-06-21","The Future of Education: Trends and Investment Opportunities","Education is evolving. A look at trends and investment opportunities in educational technologies and services.","308.75"
"2024-06-22","Analyzing the Impact of Market Trends on Investment Strategies","Market trends can significantly influence investment decisions. A look at their implications for investors.","310.00"
"2024-06-23","Understanding the Basics of Risk Assessment in Investing","Risk assessment is crucial for effective investing. A beginner's guide to understanding its principles and methodologies.","311.25"
"2024-06-24","The Role of Public Relations in Investing","Public relations can influence investment sentiment. A guide to understanding its importance and best practices.","312.50"
"2024-06-25","Exploring Investment Opportunities in Biotechnology","Biotechnology is rapidly evolving. A look at trends and investment opportunities in the biotech sector.","313.75"
"2024-06-26","Understanding the Basics of Real Estate Investment Trusts (REITs)","REITs provide unique investment opportunities. A beginner's guide to understanding their fundamentals and strategies.","315.00"
"2024-06-27","The Importance of Data Privacy in Investing","Data privacy is increasingly important for investors. An exploration of its implications and best practices.","316.25"
"2024-06-28","Market Insights: The Role of Technology in Investment Strategies","Technology is reshaping investment strategies. A look at its applications and implications for decision-making.","317.50"
"2024-06-29","Understanding the Basics of Strategic Planning in Investing","Strategic planning is essential for successful investing. A beginner's guide to understanding its principles and methodologies.","318.75"
"2024-06-30","Exploring Investment Opportunities in Renewable Energy","Renewable energy is a growing sector. A look at trends and investment opportunities in clean energy.","320.00"
"2024-07-01","Understanding the Role of Cloud Computing in Business Investment","Cloud computing is reshaping business investments. A guide to understanding its impact and potential opportunities.","321.25"
"2024-07-02","The Importance of Corporate Innovation in Investing","Corporate innovation plays a critical role in investment success. A look at its significance and best practices.","322.50"
"2024-07-03","Analyzing the Impact of Social Media on Investment Trends","Social media can influence investment trends. An exploration of its implications for investors and market behavior.","323.75"
"2024-07-04","The Future of Travel: Trends and Investment Opportunities","The travel industry is evolving. A look at trends and investment opportunities in tourism and hospitality.","325.00"
"2024-07-05","Understanding the Basics of Ethical Investing","Ethical investing is gaining popularity. A beginner's guide to understanding its principles and strategies.","326.25"
"2024-07-06","Market Insights: The Role of Cultural Trends in Investing","Cultural trends can influence investment strategies. An exploration of their implications for investors.","327.50"
"2024-07-07","Exploring Investment Opportunities in Fintech","Fintech is reshaping the investment landscape. A look at trends and opportunities in this sector.","328.75"
"2024-07-08","Understanding the Importance of Innovation in Investing","Innovation is crucial for successful investing. A guide to understanding its significance and best practices.","330.00"
"2024-07-09","The Future of Sports: Trends and Investment Opportunities","The sports industry is evolving. A look at trends and investment opportunities in sports and entertainment.","331.25"
"2024-07-10","Understanding the Basics of Corporate Finance","Corporate finance is essential for understanding investment decisions. A beginner's guide to its fundamentals and practices.","332.50"
"2024-07-11","The Role of Technology in Shaping Investment Strategies","Technology is increasingly influencing investment strategies. An exploration of its impact on decision-making and outcomes.","333.75"
"2024-07-12","The Importance of Global Awareness in Investing","Global awareness is crucial for successful investing. A guide to understanding its implications and strategies.","335.00"
"2024-07-13","Analyzing the Impact of Political Events on Investment Strategies","Political events can influence investment strategies. An analysis of recent developments and their implications for investors.","336.25"
"2024-07-14","Understanding the Basics of Value Investing","Value investing can provide unique opportunities. A beginner's guide to understanding its principles and strategies.","337.50"
"2024-07-15","Market Insights: The Role of Community Engagement in Investing","Community engagement can enhance investment success. An exploration of its significance and best practices.","338.75"
"2024-07-16","The Future of Artificial Intelligence: Trends and Investment Opportunities","Artificial intelligence is transforming industries. A look at trends and investment opportunities in AI technologies.","340.00"
"2024-07-17","Understanding the Role of Intellectual Property in Investing","Intellectual property can influence investment outcomes. A guide to understanding its importance and protection strategies.","341.25"
"2024-07-18","The Importance of Environmental Sustainability in Investing","Environmental sustainability is becoming increasingly important for investors. A look at its implications and practices.","342.50"
"2024-07-19","Exploring Investment Opportunities in E-commerce","E-commerce is a growing sector. A look at trends and investment opportunities in online retail.","343.75"
"2024-07-20","Understanding the Basics of Growth Investing","Growth investing focuses on potential. A beginner's guide to understanding its principles and strategies.","345.00"
"2024-07-21","The Role of Tax Planning in Investing","Tax planning is crucial for maximizing investment returns. A guide to understanding its significance and strategies.","346.25"
"2024-07-22","Market Insights: The Impact of Interest Rates on Investment Strategies","Interest rates can significantly influence investment decisions. An analysis of recent trends and their implications for investors.","347.50"
"2024-07-23","Understanding the Importance of Financial Compliance in Investing","Financial compliance is essential for successful investing. A guide to understanding its significance and best practices.","348.75"
"2024-07-24","The Future of Telecommunications: Trends and Investment Opportunities","Telecommunications is evolving. A look at trends and investment opportunities in this sector.","350.00"
"2024-07-25","Understanding the Basics of Short Selling","Short selling can be risky. A beginner's guide to understanding its principles and strategies.","351.25"
"2024-07-26","The Role of Philanthropy in Investing","Philanthropy can enhance investment strategies. An exploration of its significance and best practices.","352.50"
"2024-07-27","Market Insights: The Importance of Portfolio Management in Investing","Portfolio management is crucial for investment success. A guide to understanding its principles and strategies.","353.75"
"2024-07-28","Exploring Investment Opportunities in Cybersecurity","Cybersecurity is a growing concern. A look at trends and investment opportunities in this sector.","355.00"
"2024-07-29","Understanding the Basics of Technical Analysis","Technical analysis can provide insights for investors. A beginner's guide to understanding its principles and methodologies.","356.25"
"2024-07-30","The Importance of Market Research in Investing","Market research is essential for informed investing. A guide to effective research strategies for investors.","357.50"
"2024-07-31","The Future of Manufacturing: Trends and Investment Opportunities","Manufacturing is evolving. A look at trends and investment opportunities in the sector.","358.75"
"2024-08-01","Understanding the Role of Digital Marketing in Investing","Digital marketing can influence investment strategies. An analysis of its impact and best practices.","360.00"
"2024-08-02","The Importance of Strategic Alliances in Investing","Strategic alliances can enhance investment success. A guide to understanding their significance and best practices.","361.25"
"2024-08-03","Market Insights: The Role of Consumer Behavior in Investing","Consumer behavior can significantly influence investment decisions. An exploration of its implications for investors.","362.50"
"2024-08-04","The Future of Agriculture: Trends and Investment Opportunities","Agriculture is evolving. A look at trends and investment opportunities in the sector.","363.75"
"2024-08-05","Understanding the Basics of Fundamental Analysis","Fundamental analysis is essential for informed investing. A beginner's guide to understanding its principles and techniques.","365.00"
"2024-08-06","The Role of Human Resources in Investing","Human resources can influence investment outcomes. A look at its significance and best practices.","366.25"
"2024-08-07","Exploring Investment Opportunities in Robotics","Robotics is a growing sector. A look at trends and investment opportunities in automation technologies.","367.50"
"2024-08-08","Understanding the Importance of Market Sentiment in Investing","Market sentiment can significantly influence investment strategies. A guide to understanding its impact and best practices.","368.75"
"2024-08-09","The Future of Retail: Trends and Investment Opportunities","Retail is evolving. A look at trends and investment opportunities in the sector.","370.00"
"2024-08-10","Understanding the Basics of Asset Allocation","Asset allocation is crucial for managing investment risk. A beginner's guide to understanding its principles and methodologies.","371.25"
"2024-08-11","Market Insights: The Role of Innovation in Investing","Innovation is key to successful investing. An exploration of its significance and best practices.","372.50"
"2024-08-12","The Impact of Global Events on Investment Strategies","Global events can influence investment decisions. An analysis of recent developments and their implications for investors.","373.75"
"2024-08-13","Understanding the Importance of Investor Relations in Investing","Investor relations can influence market perception. A guide to understanding its significance and best practices.","375.00"
"2024-08-14","The Future of Smart Cities: Trends and Investment Opportunities","Smart cities are on the rise. A look at trends and investment opportunities in urban development technologies.","376.25"
"2024-08-15","Understanding the Basics of Business Valuation","Business valuation is essential for informed investing. A beginner's guide to understanding its principles and methodologies.","377.50"
"2024-08-16","The Role of Analytics in Investment Decisions","Analytics can enhance investment strategies. A guide to understanding its applications and best practices.","378.75"
"2024-08-17","Exploring Investment Opportunities in the Sharing Economy","The sharing economy is growing. A look at trends and investment opportunities in collaborative consumption.","380.00"
"2024-08-18","Understanding the Importance of Time Management in Investing","Time management is crucial for investment success. A guide to effective time management strategies for investors.","381.25"
"2024-08-19","Market Insights: The Impact of Technology on Investing","Technology is reshaping investing. An exploration of its implications for investors and market behavior.","382.50"
"2024-08-20","Understanding the Basics of Financial Modeling","Financial modeling is essential for informed investing. A beginner's guide to understanding its principles and techniques.","383.75"
"2024-08-21","The Role of Data Analytics in Investment Decisions","Data analytics can enhance investment strategies. A guide to understanding its significance and applications.","385.00"
"2024-08-22","Exploring Investment Opportunities in Sustainable Development","Sustainable development is gaining importance. A look at trends and investment opportunities in this sector.","386.25"
"2024-08-23","Understanding the Basics of Capital Markets","Capital markets are essential for investing. A beginner's guide to understanding their structure and function.","387.50"
"2024-08-24","The Importance of Adaptability in Investing","Adaptability is key to successful investing. A guide to understanding its significance and best practices.","388.75"
"2024-08-25","Market Insights: The Role of Globalization in Investing","Globalization can influence investment decisions. An exploration of its implications for investors.","390.00"
"2024-08-26","The Future of Digital Currency: Trends and Investment Opportunities","Digital currency is evolving. A look at trends and investment opportunities in cryptocurrencies and blockchain technologies.","391.25"
"2024-08-27","Understanding the Basics of Behavioral Finance","Behavioral finance provides insights into investor psychology. A beginner's guide to its principles and applications.","392.50"
"2024-08-28","The Role of Customer Experience in Investing","Customer experience can influence investment outcomes. A look at its significance and best practices.","393.75"
"2024-08-29","Exploring Investment Opportunities in Virtual Reality","Virtual reality is a growing sector. A look at trends and investment opportunities in VR technologies.","395.00"
"2024-08-30","Understanding the Importance of Emotional Intelligence in Investing","Emotional intelligence is crucial for investment success. A guide to understanding its significance and applications.","396.25"
"2024-08-31","Market Insights: The Future of Work and Investment Strategies","The future of work will influence investment strategies. An exploration of trends and implications for investors.","397.50"
"2024-09-01","The Importance of Compliance in Financial Reporting","Compliance is essential for accurate financial reporting. A guide to understanding its significance and best practices.","398.75"
"2024-09-02","Understanding the Basics of Financial Derivatives","Financial derivatives can provide unique opportunities. A beginner's guide to understanding their principles and risks.","400.00"
"2024-09-03","The Role of Mobile Technology in Investing","Mobile technology is transforming investing. A look at its impact and potential opportunities.","401.25"
"2024-09-04","The Future of Supply Chain Management: Trends and Investment Opportunities","Supply chain management is evolving. A look at trends and investment opportunities in this sector.","402.50"
"2024-09-05","Understanding the Basics of Investment Risk Management","Risk management is crucial for successful investing. A beginner's guide to understanding its principles and methodologies.","403.75"
"2024-09-06","Market Insights: The Role of Market Structure in Investing","Market structure can influence investment strategies. An exploration of its significance and best practices.","405.00"
"2024-09-07","The Importance of Communication Skills in Investing","Communication skills are essential for successful investing. A guide to understanding their significance and applications.","406.25"
"2024-09-08","Exploring Investment Opportunities in Climate Technologies","Climate technologies are emerging. A look at trends and investment opportunities in this sector.","407.50"
"2024-09-09","Understanding the Basics of Initial Public Offerings (IPOs)","IPOs can provide unique investment opportunities. A beginner's guide to understanding their principles and processes.","408.75"
"2024-09-10","The Role of Social Responsibility in Investment Decisions","Social responsibility is becoming increasingly important for investors. An exploration of its implications and best practices.","410.00"
"2024-09-11","Market Insights: The Impact of Regulation on Investing","Regulation can influence investment strategies. An analysis of recent developments and their implications for investors.","411.25"
"2024-09-12","Understanding the Importance of Financial Literacy in Investing","Financial literacy is essential for informed investing. A guide to understanding its significance and resources.","412.50"
"2024-09-13","The Future of Privacy Technologies: Trends and Investment Opportunities","Privacy technologies are evolving. A look at trends and investment opportunities in this sector.","413.75"
"2024-09-14","Understanding the Basics of Investment Funds","Investment funds provide unique opportunities. A beginner's guide to understanding their structure and strategies.","415.00"
"2024-09-15","The Role of Corporate Strategy in Investing","Corporate strategy can influence investment decisions. A guide to understanding its importance and best practices.","416.25"
"2024-09-16","Market Insights: The Importance of Diversity in Investing","Diversity can enhance investment success. An exploration of its significance and best practices for investors.","417.50"
"2024-09-17","Exploring Investment Opportunities in Smart Grids","Smart grids are an emerging sector. A look at trends and investment opportunities in energy infrastructure.","418.75"
"2024-09-18","Understanding the Basics of Private Equity","Private equity can provide unique investment opportunities. A beginner's guide to understanding its principles and strategies.","420.00"
"2024-09-19","The Importance of Financial Analysis in Investing","Financial analysis is crucial for informed investing. A guide to understanding its significance and methodologies.","421.25"
"2024-09-20","The Future of Logistics: Trends and Investment Opportunities","Logistics is evolving. A look at trends and investment opportunities in supply chain and distribution.","422.50"
"2024-09-21","Understanding the Basics of Sustainable Investing","Sustainable investing is gaining popularity. A beginner's guide to understanding its principles and strategies.","423.75"
"2024-09-22","The Role of Risk Management in Investment Strategies","Risk management is essential for successful investing. A guide to understanding its significance and best practices.","425.00"
"2024-09-23","Market Insights: The Impact of Inflation on Investing","Inflation can significantly influence investment decisions. An analysis of recent trends and their implications for investors.","426.25"
"2024-09-24","Understanding the Importance of Emotional Resilience in Investing","Emotional resilience is key to successful investing. A guide to understanding its significance and applications.","427.50"
"2024-09-25","Exploring Investment Opportunities in Digital Health","Digital health is a growing sector. A look at trends and investment opportunities in health technologies.","428.75"
"2024-09-26","Understanding the Basics of Investment Strategies","Investment strategies are essential for informed investing. A beginner's guide to understanding their principles and methodologies.","430.00"
"2024-09-27","The Role of Financial Technology in Investment Decisions","Financial technology is transforming investing. A look at its impact and potential opportunities.","431.25"
"2024-09-28","The Importance of Personal Finance in Investing","Personal finance is crucial for successful investing. A guide to understanding its significance and practices.","432.50"
"2024-09-29","Market Insights: The Future of Energy and Investment Strategies","The future of energy will influence investment strategies. An exploration of trends and implications for investors.","433.75"
"2024-09-30","Understanding the Basics of Investment Psychology","Investment psychology provides insights into investor behavior. A beginner's guide to understanding its principles and applications.","435.00"
"2024-10-01","The Role of Governance in Investment Decisions","Governance is essential for understanding investment outcomes. A guide to its importance and best practices.","436.25"
"2024-10-02","Exploring Investment Opportunities in Space Technologies","Space technologies are emerging. A look at trends and investment opportunities in the aerospace sector.","437.50"
"2024-10-03","Understanding the Importance of Due Diligence in Investing","Due diligence is crucial for successful investing. A guide to understanding its significance and processes.","438.75"
"2024-10-04","The Future of Artificial Intelligence in Investing","Artificial intelligence is transforming investing. A look at trends and investment opportunities in AI technologies.","440.00"
"2024-10-05","Market Insights: The Impact of Demographic Changes on Investing","Demographic changes can influence investment strategies. An analysis of recent trends and their implications for investors.","441.25"
"2024-10-06","Understanding the Basics of Financial Planning","Financial planning is essential for informed investing. A beginner's guide to understanding its principles and methodologies.","442.50"
"2024-10-07","The Role of Behavioral Economics in Investment Decisions","Behavioral economics can provide insights into investor behavior. A look at its implications for investing strategies.","443.75"
"2024-10-08","Exploring Investment Opportunities in Clean Technologies","Clean technologies are emerging. A look at trends and investment opportunities in sustainable practices.","445.00"
"2024-10-09","Understanding the Importance of Market Analysis in Investing","Market analysis is essential for informed investing. A guide to understanding its significance and methodologies.","446.25"
"2024-10-10","The Future of Insurance: Trends and Investment Opportunities","The insurance industry is evolving. A look at trends and investment opportunities in insurance technologies.","447.50"
"2024-10-11","Understanding the Basics of Investment Metrics","Investment metrics are crucial for evaluating performance. A beginner's guide to understanding their significance and applications.","448.75"
"2024-10-12","Market Insights: The Role of Competition in Investing","Competition can influence investment strategies. An analysis of recent developments and their implications for investors.","450.00"
"2024-10-13","The Importance of Financial Accountability in Investing","Financial accountability is essential for successful investing. A guide to understanding its significance and best practices.","451.25"
"2024-10-14","Exploring Investment Opportunities in Gaming Technologies","Gaming technologies are rapidly evolving. A look at trends and investment opportunities in this sector.","452.50"
"2024-10-15","Understanding the Basics of Financial Statements","Financial statements are essential for informed investing. A beginner's guide to understanding their structure and analysis.","453.75"
"2024-10-16","The Role of Market Trends in Investment Strategies","Market trends can significantly influence investment decisions. An exploration of their implications for investors.","455.00"
"2024-10-17","Understanding the Importance of Networking in Investment Success","Networking is crucial for success in investing. A guide to effective networking strategies for investors.","456.25"
"2024-10-18","Exploring Investment Opportunities in Agritech","Agritech is a growing sector. A look at trends and investment opportunities in agricultural technologies.","457.50"
"2024-10-19","The Future of Cybersecurity: Trends and Investment Opportunities","Cybersecurity is increasingly vital. A look at trends and investment opportunities in this sector.","458.75"
"2024-10-20","Understanding the Basics of Equity Financing","Equity financing can provide unique investment opportunities. A beginner's guide to understanding its principles and strategies.","460.00"
"2024-10-21","Market Insights: The Importance of Business Ethics in Investing","Business ethics can influence investment outcomes. An exploration of their significance and best practices for investors.","461.25"
"2024-10-22","The Role of Social Media in Shaping Investment Trends","Social media can significantly impact investment decisions. A look at its influence and implications for investors.","462.50"
"2024-10-23","Understanding the Basics of Business Strategy","Business strategy is crucial for informed investing. A beginner's guide to understanding its principles and applications.","463.75"
"2024-10-24","The Importance of Professional Development in Investing","Professional development is essential for investment success. A guide to understanding its significance and best practices.","465.00"
"2024-10-25","Exploring Investment Opportunities in Digital Advertising","Digital advertising is evolving. A look at trends and investment opportunities in this sector.","466.25"
"2024-10-26","The Future of Remote Work: Trends and Investment Opportunities","Remote work is reshaping industries. A look at trends and investment opportunities in this space.","467.50"
"2024-10-27","Understanding the Basics of Risk Tolerance in Investing","Risk tolerance is essential for informed investing. A beginner's guide to understanding its principles and methodologies.","468.75"

